{
  "dataset_info": {
    "dataset_name": "CIFAR10",
    "models_tested": [
      "simple",
      "residual"
    ],
    "total_models": 2,
    "samples_per_condition": 200,
    "epochs": 10
  },
  "model_results": {
    "simple": {
      "reconstruction_mse": 98418.01653645834,
      "condition_diversity": 0.7553419800963076,
      "severity_scaling": 0.9246775080730022,
      "literature_consistency": 8.980903910941816,
      "perceptual_distance": 0.7452446392604283
    },
    "residual": {
      "reconstruction_mse": 182146.44192708333,
      "condition_diversity": 0.1367004325844131,
      "severity_scaling": 0.9806188718622254,
      "literature_consistency": 3.7958242563433657,
      "perceptual_distance": 0.05758031742602941
    }
  }
}